Name,Year
AJ Hammons,2018
AJ Hammons,2017
Aaron Gray,2015
Aaron Gray,2014
Abdel Nader,2022
Adam Mokoka,2022
Adam Morrison,2007
Adam Morrison,2012
Ade Murkey,2020
Admiral Schofield,2020
Adonis Thomas,2014
Adonis Thomas,2014
Adonis Thomas,2015
Adonis Thomas,2016
Ahmad Caver,2020
Ahmad Caver,2019
Al Harrington,2014
Al Jefferson,2018
Al-Farouq Aminu,2021
Alan Williams,2019
Alando Tucker,2011
Alando Tucker,2010
Alando Tucker,2012
Aleem Ford,2022
Alen Smailagic,2021
Alen Smailagic,2022
Alex Caruso,2016
Alex Kirk,2015
Alexis Ajinca,2017
Alexis Ajinca,2018
Allan Houston,2006
Allan Houston,2005
Alonzo Mourning,2002
Amida Brimah,2017
Amida Brimah,2019
Amida Brimah,2018
Amile Jefferson,2020
Amile Jefferson,2017
Amile Jefferson,2020
Amile Jefferson,2017
Anderson Varejao,2017
Andre Dawkins,2019
Andre Roberson,2018
Andrea Bargnani,2016
Andres Nocioni,2012
Andrew Bynum,2012
Andrew Harrison,2019
Andrew Nicholson,2017
Andrew Nicholson,2019
Andrew Nicholson,2018
Andy Rautins,2011
Andy Rautins,2017
Andy Rautins,2012
Ante Zizic,2020
Anthony Bennett,2019
Anthony Bennett,2017
Anthony Brown,2018
Anthony Carter,2012
Anthony Morrow,2017
Anthony Roberson,2009
Anthony Tolliver,2007
Antoine Walker,2008
Antonio Blakeney,2019
Antonio Daniels,2009
Antonio McDyess,2011
Antonio McDyess,2002
Antonius Cleveland,2018
Antonius Cleveland,2020
Archie Goodwin,2017
Archie Goodwin,2017
Archie Goodwin,2017
Armon Johnson,2012
Armoni Brooks,2019
Armoni Brooks,2022
Armoni Brooks,2022
Arnett Moultrie,2014
Aron Baynes,2021
Ashton Hagans,2021
Austin Daye,2015
Axel Toupane,2021
Axel Toupane,2017
BJ Johnson,2020
Baron Davis,2012
Ben Bentil,2018
Ben Bentil,2017
Ben Gordon,2015
Ben Hansbrough,2014
Ben Moore,2018
Ben Simmons,2021
Ben Simmons,2016
Ben Uzoh,2012
Ben Uzoh,2012
Beno Udrih,2017
Blake Ahearn,2012
Blake Griffin,2009
Bobby Simmons,2006
Boris Diaw,2017
Brad Miller,2012
Brandan Wright,2009
Branden Dawson,2016
Branden Dawson,2016
Brandon Davies,2015
Brandon Jennings,2018
Brandon Knight,2017
Brandon Paul,2016
Brandon Paul,2018
Brandon Roy,2013
Brandon Rush,2017
Brendan Haywood,2013
Brendan Haywood,2015
Brent Barry,2009
Brent Barry,2009
Brian Bowen,2021
Brian Cook,2013
Brian Cook,2012
Brian Cook,2014
Briante Weber,2018
Brice Johnson,2018
Brice Johnson,2019
Bruce Bowen,2009
Bruno Caboclo,2022
Bryce Cotton,2016
Bryce Dejean-Jones,2016
Bryce Dejean-Jones,2017
CJ Elleby,2022
CJ Watson,2017
CJ Wilcox,2019
CJ Williams,2019
CJ Williams,2016
CJ Williams,2019
Caleb Swanigan,2020
Cameron Bairstow,2016
Cameron Oliver,2018
Cameron Oliver,2017
Cameron Oliver,2018
Carl Landry,2016
Carldell Johnson,2012
Carlos Arroyo,2011
Carlos Delfino,2013
Carlos Delfino,2014
Carlos Delfino,2015
Carlos Delfino,2013
Caron Butler,2016
Carrick Felix,2017
Carrick Felix,2015
Carrick Felix,2016
Carrick Felix,2014
Cartier Martin,2015
Casper Ware,2016
Casper Ware,2016
Casper Ware,2015
Casper Ware,2014
Cat Barber,2017
Cat Barber,2016
Cedric Simmons,2009
Cedric Simmons,2010
Channing Frye,2012
Charlie Bell,2011
Chase Budinger,2016
Chasson Randle,2022
Chasson Randle,2021
Chasson Randle,2017
Chasson Randle,2017
Chaundee Brown,2022
Chinanu Onuaku,2018
Chinanu Onuaku,2018
Chris Babb,2014
Chris Babb,2015
Chris Babb,2015
Chris Babb,2014
Chris Bosh,2016
Chris Bosh,2018
Chris Bosh,2017
Chris Chiozza,2022
Chris Clemons,2020
Chris Copeland,2016
Chris Crawford,2014
Chris Crawford,2014
Chris Crawford,2015
Chris Crawford,2016
Chris Douglas-Roberts,2015
Chris Duhon,2013
Chris Hunter,2010
Chris Johnson,2016
Chris Johnson,2017
Chris McCullough,2018
Chris Quinn,2013
Chris Singleton,2014
Chris Smith,2012
Chris Smith,2014
Chris Wright,2017
Chris Wright,2014
Chris Wright,2016
Christian Wood,2017
Christian Wood,2017
Cleanthony Early,2016
Cliff Alexander,2016
Cliff Alexander,2016
Cliff Alexander,2016
Cliff Alexander,2017
Coby Karl,2012
Cole Aldrich,2018
Cole Aldrich,2018
Corey Maggette,2013
Cory Jefferson,2016
Cory Jefferson,2018
Courtney Lee,2020
Cuttino Mobley,2009
DJ Augustin,2022
DJ Kennedy,2012
DJ Kennedy,2013
DJ Kennedy,2016
DJ Mbenga,2014
DJ Stephens,2016
DJ Stephens,2014
DJ Stephens,2017
DJ Stephens,2015
DJ Wilson,2022
DaJuan Summers,2015
DaQuan Jeffries,2022
Dahntay Jones,2013
Dairis Bertans,2019
Dakari Johnson,2018
Dakota Mathias,2019
Dakota Mathias,2022
Damien Inglis,2016
Damien Inglis,2014
Damien Inglis,2016
Damien Wilkins,2015
Damien Wilkins,2013
Damion James,2014
Damion Lee,2016
Damjan Rudez,2017
Damon Jones,2011
Damon Jones,2009
Damon Jones,2010
Dan Gadzuric,2013
Dan Gadzuric,2012
Daniel Ewing,2007
Daniel Hamilton,2019
Daniel Ochefu,2017
Daniel Ochefu,2017
Daniel Ochefu,2018
Daniel Orton,2015
Daniel Orton,2014
Daniel Orton,2010
Daniel Orton,2014
Daniel Orton,2014
Danilo Gallinari,2022
Danilo Gallinari,2013
Danilo Gallinari,2022
Danny Granger,2015
Dante Exum,2022
Dante Exum,2021
Dante Exum,2015
Darington Hobson,2010
Dario Saric,2021
Darius Johnson-Odom,2018
Darius Miller,2019
Darius Miller,2015
Darius Morris,2019
Darius Morris,2015
Darius Morris,2018
Darius Morris,2015
Darnell Jackson,2013
Darnell Jackson,2012
Darrell Arthur,2018
Darrell Arthur,2011
David Johnson,2022
David Lee,2017
David Nwaba,2022
David Stockton,2018
David Stockton,2019
David Stockton,2021
David Stockton,2022
David Stockton,2015
Davon Reed,2019
Davon Reed,2019
Davon Reed,2020
DeAndre Liggins,2018
DeAndre Liggins,2018
DeJuan Blair,2016
DeMarcus Cousins,2019
DeMarre Carroll,2021
DeMarre Carroll,2020
DeQuan Jones,2013
DeQuan Jones,2015
DeQuan Jones,2017
DeSagana Diop,2013
DeShawn Stevenson,2013
DeShawn Stevenson,2014
DeVaughn Akoon-Purcell,2019
Deividas Sirvydis,2022
Deividas Sirvydis,2022
Dejounte Murray,2018
Delonte West,2012
Demetrius Jackson,2019
Demetrius Jackson,2019
Deng Adel,2019
Denzel Valentine,2018
Denzel Valentine,2022
Deonte Burton,2015
Deonte Burton,2014
Derrick Brown,2012
Derrick Byars,2012
Derrick Byars,2013
Derrick Caracter,2011
Derrick Favors,2022
Derrick Rose,2012
Derrick Walton,2020
Derrick Walton,2018
Devin Cannady,2019
Devin Ebanks,2013
Devin Robinson,2020
Devin Robinson,2019
Devontae Cacok,2022
Devontae Cacok,2022
Dewan Hernandez,2020
Dewan Hernandez,2021
Dewan Hernandez,2020
Dexter Pittman,2014
Diamond Stone,2017
Diamond Stone,2018
Diamond Stone,2017
Diante Garrett,2014
Diante Garrett,2015
Diante Garrett,2015
Diante Garrett,2014
Didi Louzada,2022
Dion Waiters,2020
Dionte Christmas,2016
Dionte Christmas,2012
Dionte Christmas,2014
Dionte Christmas,2015
Dominic McGuire,2013
Donald Sloan,2017
Donald Sloan,2018
Donte Grantham,2019
Donte Greene,2013
Donte Greene,2012
Dorell Wright,2015
Dorell Wright,2016
Doron Lamb,2014
Dragan Bender,2020
Drew Gooden,2016
Drew Gordon,2016
Drew Gordon,2015
Drew Gordon,2018
Dru Smith,2021
Duje Dukan,2016
Dwayne Bacon,2022
Dwayne Bacon,2021
Dwayne Bacon,2021
Dwayne Jones,2012
Dwayne Jones,2013
Dwayne Jones,2013
Dwight Buycks,2018
Dylan Windler,2019
Dzanan Musa,2020
E'Twaun Moore,2021
Earl Barron,2015
Earl Clark,2015
Eddie Gill,2012
Eddie House,2011
Eddy Curry,2010
Edmond Sumner,2021
Edy Tavares,2018
Edy Tavares,2017
Edy Tavares,2017
Elias Harris,2014
Elie Okobo,2020
Elie Okobo,2020
Elijah Bryant,2021
Elijah Hughes,2022
Elijah Millsap,2019
Elijah Millsap,2017
Elliot Williams,2012
Elliot Williams,2010
Elliot Williams,2016
Elton Brand,2016
Emeka Okafor,2013
Emeka Okafor,2018
Emeka Okafor,2018
Emmanuel Mudiay,2022
Eric Bledsoe,2022
Eric Dawson,2016
Eric Dawson,2013
Eric Maynor,2014
Eric Moreland,2019
Eric Moreland,2016
Eric Moreland,2019
Eric Moreland,2016
Erick Green,2016
Erik Murphy,2014
Ersan Ilyasova,2005
Etan Thomas,2007
Etan Thomas,2000
Fab Melo,2013
Fab Melo,2013
Fab Melo,2014
Festus Ezeli,2016
Festus Ezeli,2013
Flip Murray,2012
Frank Jackson,2017
Frank Mason,2021
Furkan Aldemir,2017
Furkan Aldemir,2016
Furkan Aldemir,2015
Gabe Pruitt,2009
Gabe Vincent,2018
Gabe York,2018
Gal Mekel,2015
Gani Lawal,2014
Gani Lawal,2011
Gani Lawal,2015
Gani Lawal,2013
Garret Siler,2011
Gary Forbes,2012
Gary Forbes,2013
Georgios Kalaitzakis,2022
Georgios Papagiannis,2019
Georgios Papagiannis,2018
Georgios Papagiannis,2018
Gerald Green,2019
Gerald Green,2020
Gerald Henderson,2017
Gerald Wallace,2015
Grant Hill,2003
Grant Jerrett,2017
Grant Jerrett,2016
Grant Jerrett,2015
Grant Jerrett,2013
Grant Jerrett,2016
Grant Riller,2022
Greg Buckner,2010
Greg Buckner,2009
Greg Oden,2007
Greg Oden,2011
Greg Oden,2010
Greg Smith,2016
Greg Stiemsma,2015
Greg Stiemsma,2016
Greg Stiemsma,2009
Greg Whittington,2015
Guerschon Yabusele,2019
Hakeem Olajuwon,2002
Hakeem Olajuwon,2003
Hakim Warrick,2013
Hamady Ndiaye,2012
Hamady Ndiaye,2014
Hamed Haddadi,2013
Harry Giles,2017
Harry Giles,2021
Hasheem Thabeet,2014
Hasheem Thabeet,2014
Hassani Gravett,2019
Henry Ellenson,2021
Henry Sims,2016
Henry Walker,2015
Hollis Thompson,2019
Hollis Thompson,2012
Ian Mahinmi,2008
Ike Anigbogu,2020
Ike Anigbogu,2019
Ike Diogu,2013
Ike Diogu,2012
Ike Diogu,2009
Isaac Humphries,2019
Isaiah Briscoe,2021
Isaiah Briscoe,2019
Isaiah Briscoe,2020
Isaiah Briscoe,2017
Isaiah Taylor,2018
Isaiah Taylor,2018
Isaiah Taylor,2020
Isaiah Taylor,2019
Isaiah Taylor,2018
Isaiah Whitehead,2018
Isaiah Whitehead,2019
Ivan Johnson,2014
Ivan Johnson,2015
Ivan Rabb,2019
JJ Barea,2020
JJ O'Brien,2016
JaJuan Johnson,2012
JaJuan Johnson,2013
JaJuan Johnson,2014
JaKarr Sampson,2016
JaKarr Sampson,2016
JaKarr Sampson,2016
JaMychal Green,2013
Jabari Bird,2018
Jabari Bird,2019
Jabari Brown,2015
Jabari Brown,2016
Jack Cooley,2016
Jack Cooley,2015
Jack Cooley,2015
Jack Cooley,2016
Jack Cooley,2015
Jacob Evans,2020
Jahlil Okafor,2021
Jahlil Okafor,2021
Jahmi'us Ramsey,2022
Jahmi'us Ramsey,2022
Jake Layman,2022
Jalen Harris,2022
Jalen Jones,2016
Jalen Jones,2019
Jalen Lecque,2021
Jalen Lecque,2021
Jamaal Franklin,2015
Jamaal Magloire,2012
Jamaal Tinsley,2008
Jamaal Tinsley,2010
Jamal Mashburn,2004
Jamal Mashburn,2005
Jamal Mashburn,2006
Jamal Murray,2021
Jamario Moon,2012
Jameel Warney,2016
Jamel Artis,2018
Jamel Artis,2018
James Anderson,2016
James Nunnally,2019
James Posey,2011
James Southerland,2014
James Webb,2016
James White,2013
James White,2009
James Wiseman,2021
James Young,2018
James Young,2020
Jamil Wilson,2015
Jamil Wilson,2014
Jamil Wilson,2016
Jamorko Pickett,2022
Jannero Pargo,2010
Jared Cunningham,2019
Jared Cunningham,2021
Jared Jeffries,2013
Jared Jeffries,2014
Jarell Eddie,2014
Jarell Martin,2019
Jarnell Stokes,2018
Jarnell Stokes,2017
Jaron Blossomgame,2019
Jarrell Brantley,2021
Jarrett Jack,2018
Jarrod Uthoff,2017
Jarrod Uthoff,2017
Jarrod Uthoff,2017
Jarrod Uthoff,2020
Jarvis Varnado,2014
Jarvis Varnado,2015
Jason Caffey,2004
Jason Caffey,2003
Jason Kapono,2014
Jason Kidd,2014
Jason Kidd,2013
Jason Preston,2021
Jason Richardson,2015
Jason Richardson,2013
Jason Smith,2008
Jason Thompson,2016
Jason Thompson,2016
Javaris Crittenton,2010
Javaris Crittenton,2011
Javaris Crittenton,2009
Javin DeLaurier,2020
Jay Williams,2004
Jay Williams,2006
Jay Williams,2003
Jaylen Adams,2019
Jaylen Adams,2019
Jaylen Adams,2019
Jeff Adrien,2015
Jeff Ayres,2010
Jeff Dowtin,2020
Jeff Green,2011
Jeff Withey,2018
Jerel McNeal,2012
Jerel McNeal,2015
Jerel McNeal,2012
Jerel McNeal,2013
Jeremy Evans,2016
Jeremy Tyler,2015
Jeremy Tyler,2014
Jeremy Tyler,2014
Jeremy Tyler,2014
Jerian Grant,2020
Jerian Grant,2021
Jermaine Taylor,2012
Jermaine Taylor,2013
Jerome James,2009
Jerome Jordan,2012
Jerome Jordan,2015
Jerome Robinson,2022
Jerrelle Benimon,2015
Joe Alexander,2010
Joe Alexander,2014
Joe Alexander,2013
Joe Johnson,2019
Joe Kleine,2000
Joel Anthony,2017
Joel Bolomboy,2018
Joel Embiid,2015
Joel Embiid,2014
Joey Dorsey,2015
Joey Graham,2011
Joffrey Lauvergne,2018
John Holland,2015
John Holland,2016
John Holland,2014
John Holland,2016
John Jenkins,2017
John Jenkins,2017
John Lucas,2008
John Lucas,2015
John Lucas,2007
John Wall,2019
John Wall,2021
Johnathan Motley,2020
Johnny Davis,2019
Johnny O'Bryant,2021
Jon Leuer,2019
Jon Teske,2020
Jonah Bolden,2020
Jonah Bolden,2021
Jonas Jerebko,2010
Jonathan Gibson,2018
Jonathan Isaac,2021
Jonathan Isaac,2020
Jonathon Simmons,2019
Jonny Flynn,2012
Jontay Porter,2022
Jontay Porter,2022
Jontay Porter,2021
Jordan Adams,2016
Jordan Crawford,2015
Jordan Hill,2017
Jordan McLaughlin,2018
Jordan Sibert,2015
Jordan Sibert,2019
Jorge Gutierrez,2016
Jorge Gutierrez,2019
Josh Akognon,2013
Josh Boone,2010
Josh Childress,2017
Josh Davis,2015
Josh Davis,2014
Josh Hall,2021
Josh Harrellson,2015
Josh Harrellson,2014
Josh Huestis,2018
Josh Jackson,2022
Josh Magette,2016
Josh Powell,2015
Josh Powell,2014
Josh Powell,2012
Josh Reaves,2020
Josh Selby,2013
Josh Smith,2016
Jud Buechler,2002
Julian Washburn,2015
Julian Washburn,2019
Julyan Stone,2018
Julyan Stone,2015
Julyan Stone,2016
Justin Anderson,2022
Justin Anderson,2020
Justin Hamilton,2017
Justin Holiday,2013
Justin Holiday,2013
Justin James,2021
Justin James,2021
Justin Wright-Foreman,2020
Juwan Morgan,2022
KJ McDaniels,2018
KJ McDaniels,2017
Kalin Lucas,2013
Kalin Lucas,2017
Kawhi Leonard,2021
Kawhi Leonard,2021
Kay Felder,2018
Kay Felder,2018
Keifer Sykes,2022
Keifer Sykes,2015
Keith Appling,2014
Keith Benson,2015
Keith Benson,2016
Keith Bogans,2015
Keith Bogans,2014
Keith Booth,1999
Kelan Martin,2022
Kelenna Azubuike,2010
Kendall Marshall,2016
Kendall Marshall,2017
Kendall Marshall,2018
Kendall Marshall,2017
Kendrick Nunn,2018
Kendrick Nunn,2021
Kendrick Perkins,2018
Kent Bazemore,2022
Kevin Durant,2019
Kevin Durant,2019
Kevin Garnett,2016
Kevin Jones,2014
Kevin Jones,2013
Kevin Martin,2016
Kevin Murphy,2013
Kevin Murphy,2016
Kevin Murphy,2014
Kevin Murphy,2015
Kevin Pangos,2022
Kevin Seraphin,2017
Kevon Harris,2020
Khem Birch,2015
Khem Birch,2014
Kim English,2013
Kim English,2014
Klay Thompson,2019
Klay Thompson,2020
Kobi Simmons,2019
Kostas Antetokounmpo,2022
Kostas Papanikolaou,2016
Kris Humphries,2017
Kris Joseph,2013
Kris Joseph,2013
Kris Joseph,2013
Kristaps Porzingis,2018
Kwame Brown,2013
Ky Bowman,2020
Kyle Collinsworth,2018
Kyle Collinsworth,2018
Kyle Collinsworth,2019
Kyle Collinsworth,2019
Kyle Collinsworth,2016
Kyle Singler,2018
Kyle Weaver,2011
Kyle Weaver,2012
Kyle Wiltjer,2017
Kyle Wiltjer,2017
Kyrylo Fesenko,2014
Lamar Odom,2013
Langston Galloway,2022
Larry Drew,2013
Larry Hughes,2010
Larry Sanders,2017
Larry Sanders,2015
Larry Sanders,2017
Lavoy Allen,2018
Lazar Hayward,2013
Leandro Barbosa,2017
Lester Hudson,2015
Lester Hudson,2013
Linas Kleiza,2013
Lindell Wigginton,2019
Lonzo Ball,2022
Lorenzo Brown,2016
Lou Amundson,2016
Luc Longley,2003
Luc Longley,2002
Luc Longley,2001
Luis Montero,2016
Luis Montero,2016
Luka Samanic,2021
Luke Zeller,2011
Luol Deng,2019
MJ Walker,2022
Maalik Wayns,2017
Malachi Richardson,2019
Malcolm Lee,2016
Malcolm Lee,2013
Malcolm Lee,2017
Malcolm Miller,2015
Malcolm Miller,2020
Malik Allen,2000
Malik Fitts,2022
Manu Ginobili,2018
Marc Gasol,2021
Marcelo Huertas,2017
Marcus Camby,2013
Marcus Camby,2014
Marcus Camby,2013
Marcus Cousin,2013
Marcus Derrickson,2019
Marcus Georges-Hunt,2018
Marcus Landry,2015
Marcus Landry,2013
Marcus Paige,2016
Marcus Williams,2014
Marcus Williams,2017
Mardy Collins,2010
Marial Shayok,2022
Mario Hezonja,2020
Mark Blount,2009
Mark Madsen,2009
Markel Brown,2019
Markel Brown,2016
Marko Guduric,2020
Marko Jaric,2012
Marko Jaric,2013
Marko Jaric,2010
Marko Jaric,2009
Marques Bolden,2021
Marques Bolden,2022
Marquis Teague,2014
Marshall Plumlee,2018
Martell Webster,2017
Martell Webster,2015
Martell Webster,2016
Matt Barnes,2017
Matt Costello,2016
Matt Costello,2016
Matt Harpring,2009
Maurice Harkless,2022
Melvin Ely,2012
Melvin Frazier,2020
Melvin Frazier,2020
Metta Peace,2014
Mfiondu Kabengele,2021
Mfiondu Kabengele,2021
Michael Carter-Williams,2021
Michael Frazier,2016
Michael Frazier,2015
Michael Gbinije,2017
Michael Gbinije,2018
Michael Gbinije,2017
Michael Kidd-Gilchrist,2020
Michael Porter,2018
Mickael Gelabale,2013
Mickell Gladness,2012
Mickell Gladness,2013
Mike Dunleavy,2017
Mike Miller,2017
Mike Taylor,2009
Mike Tobey,2017
Miles Plumlee,2019
Miroslav Raduljica,2015
Mirza Teletovic,2018
Mitch McGary,2016
Mo Williams,2016
Monta Ellis,2017
Monta Ellis,2018
Morris Almond,2010
Morris Almond,2009
Mouhamed Sene,2010
Mouhamed Sene,2009
Mustafa Shakur,2009
Myke Henry,2019
Myles Powell,2020
Nate Darling,2021
Nate Darling,2022
Nate Hinton,2022
Nate Wolters,2015
Nate Wolters,2016
Nate Wolters,2018
Naz Mitrou-Long,2020
Nemanja Nedovic,2014
Nene Nene,2019
Nene Nene,2019
Nene Nene,2020
Nerlens Noel,2013
Nick Collison,2003
Nick Johnson,2016
Nick Johnson,2016
Nick Johnson,2018
Nick Johnson,2015
Nicolas Brussino,2018
Nigel Hayes,2018
Nigel Williams-Goss,2020
Nigel Williams-Goss,2021
Nik Stauskas,2020
Nikola Pekovic,2017
Nikola Pekovic,2016
Nikoloz Tskitishvili,2015
Norvel Pelle,2022
Norvel Pelle,2018
Norvel Pelle,2022
Okaro White,2022
Oleksiy Pecherov,2011
Oleksiy Pecherov,2010
Oleksiy Pecherov,2015
Omari Johnson,2015
Omari Johnson,2018
Omari Johnson,2018
Omari Spellman,2020
Omer Asik,2019
Omer Asik,2018
Omer Yurtseven,2020
Orien Greene,2012
Orlando Johnson,2014
Orlando Johnson,2016
Othyus Jeffers,2012
PJ Hairston,2016
Pablo Prigioni,2017
Pablo Prigioni,2016
Pape Sy,2011
Patricio Garino,2017
Patricio Garino,2017
Patrick Beverley,2010
Patrick Beverley,2011
Patrick Christopher,2015
Patrick Christopher,2013
Patrick Christopher,2015
Patrick Ewing,2002
Patrick McCaw,2022
Patrick O'Bryant,2013
Patrick Patterson,2021
Pau Gasol,2019
Pau Gasol,2019
Paul Pierce,2017
Paul Watson,2018
Paul Zipser,2019
Paul Zipser,2018
Perry Jones,2015
Perry Jones,2017
Peyton Siva,2014
Phil Pressey,2016
Pierre Jackson,2015
Pierre Jackson,2014
Pierre Jackson,2017
Pops Mensah-Bonsu,2014
Pops Mensah-Bonsu,2013
Quentin Richardson,2015
Quentin Richardson,2013
Quentin Richardson,2014
Quincy Douby,2010
Quincy Douby,2009
Quincy Miller,2015
Quincy Pondexter,2016
Quincy Pondexter,2015
Quinn Cook,2021
Quinn Cook,2022
Quinn Cook,2015
Raef LaFrentz,2008
Rafer Alston,2010
Raja Bell,2012
Rakeem Christmas,2017
Rashad Vaughn,2018
Rasheed Wallace,2010
Rasheed Wallace,2011
Rasual Butler,2016
Ray McCallum,2016
Ray Spalding,2021
Ray Spalding,2019
Ray Spalding,2019
Rayjon Tucker,2022
Reggie Perry,2022
Reggie Williams,2015
Renaldo Balkman,2012
Renaldo Balkman,2013
Richard Hamilton,2013
Richard Jefferson,2018
Ricky Ledo,2015
Ricky Ledo,2016
Ricky Ledo,2015
Rob Edwards,2022
Robbie Hummel,2017
Robbie Hummel,2016
Robert Sacre,2016
Robert Woodard,2022
Robert Woodard,2022
Rodney Carney,2013
Rodney Carney,2012
Rodney McGruder,2014
Rodney McGruder,2013
Rodney Stuckey,2017
Roko Ukic,2010
Ronald Dupree,2012
Ronnie Brewer,2014
Ronnie Price,2017
Royce White,2012
Russ Smith,2016
Ryan Arcidiacono,2016
Ryan Broekhoff,2020
Ryan Kelly,2017
Ryan Reid,2013
Ryan Reid,2012
Sam Cassell,2008
Sam Young,2013
Samuel Dalembert,2002
Samuel Dalembert,2015
Sasha Kaun,2016
Sasha Pavlovic,2013
Sasha Pavlovic,2014
Scott Machado,2013
Scott Machado,2014
Scott Machado,2013
Scott Machado,2013
Scottie Pippen,2004
Scotty Hopson,2014
Scotty Hopson,2022
Scotty Hopson,2018
Sean Kilpatrick,2018
Sean Kilpatrick,2019
Sean McDermott,2022
Sean McDermott,2021
Sean Singletary,2009
Sean Williams,2010
Sean Williams,2012
Sean Williams,2012
Sekou Doumbouya,2022
Sekou Doumbouya,2022
Semaj Christon,2018
Semaj Christon,2017
Sergio Rodriguez,2010
Seth Curry,2017
Shabazz Muhammad,2018
Shabazz Muhammad,2018
Shane Edwards,2014
Shane Larkin,2016
Shaq Buchanan,2019
Shaq Buchanan,2020
Shaquille Harrison,2016
Shaquille O'Neal,2011
Sharife Cooper,2022
Shaun Livingston,2007
Shaun Livingston,2019
Shawn Long,2018
Shawn Long,2017
Shawn Long,2017
Shawne Williams,2009
Shawne Williams,2015
Shawne Williams,2017
Shayne Whittington,2016
Sheldon Mac,2017
Skal Labissiere,2020
Solomon Alabi,2013
Solomon Alabi,2014
Solomon Alabi,2012
Solomon Alabi,2015
Solomon Jones,2014
Sonny Weems,2016
Speedy Claxton,2009
Speedy Claxton,2007
Spencer Hawes,2017
Stanton Kidd,2021
Stanton Kidd,2020
Stephen Graham,2013
Stephen Graham,2011
Stephen Zimmerman,2017
Stephen Zimmerman,2018
Stephen Zimmerman,2017
Stephen Zimmerman,2022
Steve Nash,2014
Steven Hunter,2008
Sun Sun,2009
Sundiata Gaines,2012
TJ Ford,2004
TJ Warren,2021
Tarik Black,2021
Taylor Griffin,2010
Terrel Harris,2013
Terrence Williams,2013
Terrence Williams,2013
Thanasis Antetokounmpo,2016
Thomas Robinson,2018
Thomas Welsh,2019
Tibor Pleiss,2016
Tibor Pleiss,2017
Tim Duncan,2016
Tim Ohlbrecht,2014
Tim Ohlbrecht,2013
Tim Quarterman,2018
Tim Thomas,2010
Timofey Mozgov,2019
Timofey Mozgov,2018
Timothe Luwawu-Cabarrot,2022
Tony Mitchell,2014
Tony Mitchell,2015
Tony Mitchell,2012
Tony Mitchell,2015
Tony Mitchell,2017
Tony Parker,2019
Tony Wroten,2016
Tony Wroten,2017
Tony Wroten,2016
Toure' Murry,2016
Toure' Murry,2015
Toure' Murry,2015
Tracy McGrady,2012
Travis Leslie,2012
Travis Leslie,2013
Travis Outlaw,2014
Travis Outlaw,2014
Travis Wear,2016
Tre Scott,2020
Trevelin Queen,2020
Treveon Graham,2015
Treveon Graham,2020
Trey Burke,2022
Trey Gilder,2012
Trey Johnson,2014
Trey Johnson,2012
Trey McKinney-Jones,2013
Trey Thompkins,2013
Trey Thompkins,2012
Troy Caupain,2019
Troy Caupain,2017
Troy Williams,2019
Troy Williams,2019
Ty Lawson,2017
Tyler Bey,2021
Tyler Cook,2022
Tyler Ennis,2019
Tyler Ennis,2018
Tyler Hall,2022
Tyler Hall,2020
Tyler Lydon,2019
Tyler Lydon,2020
Tyler Lydon,2019
Tyler Lydon,2020
Tyler Ulis,2019
Tyler Ulis,2019
Tyrell Terry,2022
Tyrus Thomas,2013
Vernon Macklin,2014
Vincent Edwards,2021
Vincent Edwards,2020
Vincent Edwards,2019
Vincent Hunter,2016
Vincent Hunter,2016
Vincent Hunter,2015
Vitor Faverani,2015
Vitor Faverani,2014
Von Wafer,2013
Von Wafer,2012
Wade Baldwin,2019
Walker Russell,2012
Walt Lemon,2019
Walt Lemon,2019
Walter Sharpe,2009
Wes Iwundu,2022
Wes Iwundu,2022
Will Bynum,2016
Will Cherry,2015
Will Cherry,2018
Will Cherry,2015
William Howard,2021
William Howard,2020
Willie Cauley-Stein,2022
Willie Reed,2013
Willie Reed,2013
Willie Reed,2012
Willie Reed,2014
Willie Reed,2014
Wilson Chandler,2015
Wilson Chandler,2015
Xavier Henry,2015
Xavier Henry,2016
Xavier Munford,2019
Xavier Munford,2016
Xavier Silas,2014
Xavier Silas,2013
Xavier Silas,2018
Xavier Sneed,2020
Yakhouba Diawara,2015
Yante Maten,2019
Yao Ming,2009
Yi Jianlian,2016
Zabian Dowdell,2011
Zach Collins,2020
Zach Norvell,2020
Zach Randolph,2018
Zavier Simpson,2020
Zavier Simpson,2022
Zhaire Smith,2020
Zhaire Smith,2020
Zhou Qi,2020
Zhou Qi,2019
Zion Williamson,2021
Zoran Dragic,2015
Zydrunas Ilgauskas,1996
Zydrunas Ilgauskas,1999
Zylan Cheatham,2020
Zylan Cheatham,2020
Zylan Cheatham,2022
Zylan Cheatham,2022
